existing_key,en,matching_design_zh_CN,status
CONTENT_ACT_TWO_0001,Count the Table,,translation required after approval
CONTENT_ACT_TWO_0002,Collect the Toll,,translation required after approval
CONTENT_ACT_TWO_0003,Mirror the Line,,translation required after approval
CONTENT_ACT_TWO_0004,Repeat the Signal,,translation required after approval
CONTENT_ACT_TWO_0005,Watch the Pressure,,translation required after approval
CONTENT_ACT_TWO_0006,Raise the Limit,,translation required after approval
CONTENT_ACT_TWO_0007,Thin the Wall,,translation required after approval
CONTENT_ACT_TWO_0008,Consume the Margin,,translation required after approval
CONTENT_ACT_TWO_0009,Audit the Ledger,,translation required after approval
CONTENT_ACT_TWO_0010,Mirror the Debt,,translation required after approval
CONTENT_ACT_TWO_0011,Close the Account,,translation required after approval
CONTENT_ACT_TWO_0012,Catalog the Table,,translation required after approval
CONTENT_ACT_TWO_0013,Reindex the Line,,translation required after approval
CONTENT_ACT_TWO_0014,Float the Index,,translation required after approval
CONTENT_ACT_TWO_0015,Bury the Record,,translation required after approval
CONTENT_ACT_TWO_0016,Refine the damaged entry,,translation required after approval
CONTENT_ACT_TWO_0017,Leave the ledger as written,,translation required after approval
CONTENT_ACT_TWO_0018,Risk Gold on the hidden account,,translation required after approval
CONTENT_ACT_TWO_0019,Decline the wager,,translation required after approval
CONTENT_ACT_TWO_0020,Exchange 4 Gold for a Refinement Token,,translation required after approval
CONTENT_ACT_TWO_0021,Keep the current funds,,translation required after approval
CONTENT_ACT_TWO_0022,Read the final route,,translation required after approval
CONTENT_ACT_TWO_0023,Keep the route obscured,,translation required after approval
CONTENT_ACT_TWO_0024,Carry a one-Act clause: +1 Reserve Capacity in later battles this Act,,translation required after approval
CONTENT_ACT_TWO_0025,Decline the clause,,translation required after approval
CONTENT_ACT_TWO_0026,Record: +1 TP in later battles this Run and +1 Refinement Token,,translation required after approval
CONTENT_ACT_TWO_0027,Leave the old rule undisturbed,,translation required after approval
CONTENT_ACT_TWO_0028,Spend 1 Refinement Token to recover 3 Gold,,translation required after approval
CONTENT_ACT_TWO_0029,Leave the sealed entry untouched,,translation required after approval
CONTENT_ACT_TWO_0030,Risk 2 Gold on the hidden account,,translation required after approval
CONTENT_ACT_TWO_0031,Decline the hidden account,,translation required after approval
CONTENT_ACT_TWO_0032,Exchange 6 Gold for 2 Refinement Tokens,,translation required after approval
CONTENT_ACT_TWO_0033,Keep the current funds,,translation required after approval
CONTENT_ACT_TWO_0034,Read the last annotation,,translation required after approval
CONTENT_ACT_TWO_0035,Keep the route obscured,,translation required after approval
CONTENT_ACT_TWO_0036,Carry +1 Reserve Capacity into later battles this Act,,translation required after approval
CONTENT_ACT_TWO_0037,Decline the amended clause,,translation required after approval
CONTENT_ACT_TWO_0038,Record +1 TP in later battles this Run and gain 1 Refinement Token,,translation required after approval
CONTENT_ACT_TWO_0039,Leave the rule uncopied,,translation required after approval
CONTENT_ACT_TWO_0040,Open the Index,,translation required after approval
CONTENT_ACT_TWO_0041,Mark the Page,,translation required after approval
CONTENT_ACT_TWO_0042,Cross-reference the Table,,translation required after approval
CONTENT_ACT_TWO_0043,Annotate the Line,,translation required after approval
CONTENT_ACT_TWO_0044,Write the Final Entry,,translation required after approval
CONTENT_ACT_TWO_0045,Seal the Index,,translation required after approval
CONTENT_ACT_TWO_0046,Log the Current,,translation required after approval
CONTENT_ACT_TWO_0047,Raise the Waterline,,translation required after approval
CONTENT_ACT_TWO_0048,Pull at the Reserve,,translation required after approval
CONTENT_ACT_TWO_0049,Crack the Keel,,translation required after approval
CONTENT_ACT_TWO_0050,Rewrite the Ledger,,translation required after approval
CONTENT_ACT_TWO_0051,Close the Archive,,translation required after approval
CONTENT_PHASE2_0001,Pair Foundation,,translation required after approval
CONTENT_PHASE2_0002,Bamboo Concentration,,translation required after approval
CONTENT_PHASE2_0003,bamboo tile,,translation required after approval
CONTENT_PHASE2_0004,Advance Pressure,,translation required after approval
CONTENT_PHASE2_0005,Measure the Table,,translation required after approval
CONTENT_PHASE2_0006,Tax the Wall,,translation required after approval
CONTENT_PHASE2_0007,Count the Wall,,translation required after approval
CONTENT_PHASE2_0008,Collect Integrity,,translation required after approval
CONTENT_PHASE2_0009,Seal the Table,,translation required after approval
CONTENT_PHASE2_0010,Seed Contamination,,translation required after approval
CONTENT_PHASE2_0011,Spread Contamination,,translation required after approval
CONTENT_PHASE2_0012,Break the Tempo,,translation required after approval
CONTENT_PHASE2_0013,Interfere with the Table,,translation required after approval
CONTENT_PHASE2_0014,Audit the Run,,translation required after approval
CONTENT_PHASE2_0015,Hunt the Weak Line,,translation required after approval
CONTENT_PHASE2_0016,Collect the Ledger,,translation required after approval
CONTENT_PHASE2_0017,Break the Tempo,,translation required after approval
CONTENT_PHASE2_0018,Echo the Tempo,,translation required after approval
CONTENT_PHASE2_0019,Jam the Table,,translation required after approval
CONTENT_PHASE2_0020,Tax the Draw,,translation required after approval
CONTENT_PHASE2_0021,Rewrite the Rule,,translation required after approval
CONTENT_PHASE2_0022,Seal the Rule,,translation required after approval
CONTENT_PHASE2_0023,Spend a Refinement Token,,translation required after approval
CONTENT_PHASE2_0024,Accept: +1 starting Pressure in later battles; +2 Gold per victory this Run,,translation required after approval
CONTENT_PHASE2_0025,Exchange Gold,,translation required after approval
CONTENT_PHASE2_0026,Reveal the Route,,translation required after approval
CONTENT_PHASE2_0027,Carry: +1 Settlement Capacity in every later battle this Run,,translation required after approval
CONTENT_PHASE2_0028,Remember the Rule,,translation required after approval
CONTENT_PHASE2_LABEL_0029,pair,,translation required after approval
CONTENT_PHASE2_LABEL_0030,Leave,离开,context review required
CONTENT_PHASE2_LABEL_0031,Leave,离开,context review required
CONTENT_PHASE2_LABEL_0032,Leave,离开,context review required
CONTENT_PHASE2_LABEL_0033,Leave,离开,context review required
CONTENT_PHASE2_LABEL_0034,Leave,离开,context review required
CONTENT_PHASE2_LABEL_0035,Leave,离开,context review required
CONTENT_SCALE_0001,Harbor Read,,translation required after approval
CONTENT_SCALE_0002,"Once per encounter, your first Complete Hand grants 1 TP.",,translation required after approval
CONTENT_SCALE_0003,Trade 2 Gold for a Refinement Token,,translation required after approval
CONTENT_SCALE_0004,Leave the entry untouched,,translation required after approval
CONTENT_SCALE_0005,Stake a Refinement Token on the Harbor's advance,,translation required after approval
CONTENT_SCALE_0006,Decline the advance,,translation required after approval
CONTENT_SCALE_0007,Exchange 3 Gold for a Refinement Token,,translation required after approval
CONTENT_SCALE_0008,Keep the current funds,,translation required after approval
CONTENT_SCALE_0009,Read the terminal route,,translation required after approval
CONTENT_SCALE_0010,Keep the route obscured,,translation required after approval
CONTENT_SCALE_0011,Carry +1 Settlement Capacity into later battles this Run,,translation required after approval
CONTENT_SCALE_0012,Decline the clause,,translation required after approval
CONTENT_SCALE_0013,Record the Rule: +1 TP in later battles this Run and +1 Refinement Token,,translation required after approval
CONTENT_SCALE_0014,Leave the old rule undisturbed,,translation required after approval
CONTENT_SCALE_0015,Call the Fog,,translation required after approval
CONTENT_SCALE_0016,Press Through the Fog,,translation required after approval
CONTENT_SCALE_0017,Take the Margin,,translation required after approval
CONTENT_SCALE_0018,Collect the Shortfall,,translation required after approval
CONTENT_SCALE_0019,Audit the Signal,,translation required after approval
CONTENT_SCALE_0020,Enforce the Signal,,translation required after approval
CONTENT_SCALE_0021,Read the Contract,,translation required after approval
CONTENT_SCALE_0022,Enforce the Clause,,translation required after approval
CONTENT_SCALE_0023,Send the Echo,,translation required after approval
CONTENT_SCALE_0024,Thin the Wall,,translation required after approval
CONTENT_SCALE_0025,Record the Lien,,translation required after approval
CONTENT_SCALE_0026,Collect the Lien,,translation required after approval
CONTENT_SCALE_0027,Audit the Run,,translation required after approval
CONTENT_SCALE_0028,Collect the Fee,,translation required after approval
CONTENT_SCALE_0029,Hunt the Weak Line,,translation required after approval
CONTENT_SCALE_0030,Hunt the Current,,translation required after approval
CONTENT_SCALE_0031,Tax the Wall,,translation required after approval
CONTENT_SCALE_0032,Drive the Fleet,,translation required after approval
CONTENT_SCALE_0033,Audit the Margin,,translation required after approval
CONTENT_SCALE_0034,Enforce the Margin,,translation required after approval
CONTENT_SCALE_0035,Close the Margin,,translation required after approval
CONTENT_SCALE_0036,Index the Table,,translation required after approval
CONTENT_SCALE_0037,Burn the Record,,translation required after approval
CONTENT_SCALE_0038,Audit the Ashes,,translation required after approval
CONTENT_SCALE_0039,Survey the Harbor,,translation required after approval
CONTENT_SCALE_0040,Press the Margin,,translation required after approval
CONTENT_SCALE_0041,Measure the Channel,,translation required after approval
CONTENT_SCALE_0042,Draw the Current,,translation required after approval
CONTENT_SCALE_0043,Thin the Wall,,translation required after approval
CONTENT_SCALE_0044,Collect the Shortfall,,translation required after approval
CONTENT_SCALE_0045,Seal the Channel,,translation required after approval
CONTENT_SCALE_0046,Claim the Margin,,translation required after approval
CONTENT_SCALE_0047,Double Sequence,,translation required after approval
CONTENT_SCALE_0048,Triplet Row,,translation required after approval
CONTENT_SCALE_0049,Pair Archive,,translation required after approval
CONTENT_SCALE_0050,Honor Chorus,,translation required after approval
CONTENT_SCALE_0051,honor tile,,translation required after approval
CONTENT_SCALE_0052,Character Flow,,translation required after approval
CONTENT_SCALE_0053,character tile,,translation required after approval
CONTENT_SCALE_0054,Dotted River,,translation required after approval
CONTENT_SCALE_0055,dot tile,,translation required after approval
CONTENT_SCALE_0056,Sequence Pair,,translation required after approval
CONTENT_SCALE_0057,Mixed Quartet,,translation required after approval
CONTENT_SCALE_0058,Sequence Cascade,,translation required after approval
CONTENT_SCALE_0059,Triplet Duet,,translation required after approval
CONTENT_SCALE_0060,Quad Duet,,translation required after approval
CONTENT_SCALE_0061,Pair Triad,,translation required after approval
CONTENT_SCALE_0062,Sequence and Triplet,,translation required after approval
CONTENT_SCALE_0063,Sequence and Quad,,translation required after approval
CONTENT_SCALE_0064,Triplet and Quad,,translation required after approval
CONTENT_SCALE_0065,Triplet and Pair,,translation required after approval
CONTENT_SCALE_0066,Quad and Pair,,translation required after approval
CONTENT_SCALE_0067,"Sequence, Triplet and Pair",,translation required after approval
CONTENT_SCALE_0068,Honor Beacon,,translation required after approval
CONTENT_SCALE_0069,honor tile,,translation required after approval
CONTENT_SCALE_0070,Honor Gathering,,translation required after approval
CONTENT_SCALE_0071,honor tile,,translation required after approval
CONTENT_SCALE_0072,Character Majority,,translation required after approval
CONTENT_SCALE_0073,character tile,,translation required after approval
CONTENT_SCALE_0074,Dot Majority,,translation required after approval
CONTENT_SCALE_0075,dot tile,,translation required after approval
CONTENT_SCALE_LABEL_0076,sequence,,translation required after approval
CONTENT_SCALE_LABEL_0077,triplet,,translation required after approval
CONTENT_SCALE_LABEL_0078,pair,,translation required after approval
CONTENT_SCALE_LABEL_0079,sequence,,translation required after approval
CONTENT_SCALE_LABEL_0080,triplet,,translation required after approval
CONTENT_SCALE_LABEL_0081,quad,,translation required after approval
CONTENT_SCALE_LABEL_0082,pair,,translation required after approval
CONTENT_TECHNIQUE_0001,TechniqueDefinition must declare a supported kind.,,translation required after approval
CONTENT_TECHNIQUE_0002,TechniqueDefinition TP cost cannot be negative.,,translation required after approval
CONTENT_TECHNIQUE_0003,Reaction Techniques must declare a supported trigger.,,translation required after approval
CONTENT_TECHNIQUE_0004,Only Reaction Techniques may declare a reaction trigger.,,translation required after approval
CONTENT_TECHNIQUE_0005,enemy Contamination is added,,translation required after approval
CONTENT_TECHNIQUE_0006,enemy Table Interference reduces Stability,,translation required after approval
CONTENT_TECHNIQUE_0007,an unknown trigger,,translation required after approval
CONTENT_YAKU_0001,Sequence Path,,translation required after approval
CONTENT_YAKU_0002,Triplet Foundation,,translation required after approval
CONTENT_YAKU_0003,Honor Signal,,translation required after approval
CONTENT_YAKU_0004,honor tile,,translation required after approval
CONTENT_YAKU_0005,Unified Suit,,translation required after approval
CONTENT_YAKU_0006,characters tile,,translation required after approval
CONTENT_YAKU_0007,Standard Complete Hand,,translation required after approval
CONTENT_YAKU_0008,standard complete hand,,translation required after approval
CONTENT_YAKU_0009,Seven Pairs,,translation required after approval
CONTENT_YAKU_0010,Seven Pairs,,translation required after approval
CONTENT_YAKU_0011,seven pairs,,translation required after approval
CONTENT_YAKU_0012,Quad Foundry,,translation required after approval
CONTENT_YAKU_0013,Mixed Table,,translation required after approval
CONTENT_YAKU_LABEL_0014,sequence,,translation required after approval
CONTENT_YAKU_LABEL_0015,triplet,,translation required after approval
CONTENT_YAKU_LABEL_0016,quad,,translation required after approval
UI_BATTLE_CONTROLLER_0001,Draw to find a Pattern.,,translation required after approval
UI_BATTLE_SCENE_0001,%d: %s,,translation required after approval
UI_BATTLE_SCENE_0002,%d / %d,,translation required after approval
UI_BATTLE_SCENE_0003,%s (%d Pressure),,translation required after approval
UI_BATTLE_SCENE_0004,%d / %d,,translation required after approval
UI_BATTLE_SCENE_0005,No Scoring Pattern highlighted.,,translation required after approval
UI_BATTLE_SCENE_0006,%s: %s,,translation required after approval
UI_BATTLE_STATE_0001,Drew a tile.,,translation required after approval
UI_BATTLE_STATE_0002,%s settled.,,translation required after approval
UI_BATTLE_STATE_0003,Damage: %d.,,translation required after approval
UI_BATTLE_STATE_0004,Pressure changed by %d.,,translation required after approval
UI_BATTLE_STATE_0005,Battle won.,,translation required after approval
UI_BATTLE_STATE_0006,Battle lost.,,translation required after approval
UI_BATTLE_STATIC_DISCARD_LABEL,Discard,,translation required after approval
UI_BATTLE_STATIC_DRAW_BUTTON,Draw,,translation required after approval
UI_BATTLE_STATIC_DRAW_WALL_LABEL,Draw Wall,,translation required after approval
UI_BATTLE_STATIC_ENEMY_HP_LABEL,Enemy HP,,translation required after approval
UI_BATTLE_STATIC_HAND_LABEL,Hand,,translation required after approval
UI_BATTLE_STATIC_INTENT_LABEL,Intent,,translation required after approval
UI_BATTLE_STATIC_NONE,None,,translation required after approval
UI_BATTLE_STATIC_NO_PATTERN,No Scoring Pattern highlighted.,,translation required after approval
UI_BATTLE_STATIC_PATTERN_HIGHLIGHTS_LABEL,Pattern Highlights,,translation required after approval
UI_BATTLE_STATIC_PRESSURE_LABEL,Pressure,压力,context review required
UI_BATTLE_STATIC_SETTLE_BUTTON,Settle Pattern,,translation required after approval
UI_BATTLE_STATIC_STATUS_LABEL,Status,,translation required after approval
UI_BATTLE_STATIC_TITLE,Forbidden Table — Battle,,translation required after approval
UI_RUN_CONTROLLER_0001,"This action succeeded, but the Suspend Save was not written (%s). The existing save and recovery files were left in place; check storage space and permissions before quitting.",,translation required after approval
UI_RUN_CONTROLLER_0002,"The Run was saved, but temporary save cleanup needs attention (%s).",,translation required after approval
UI_RUN_CONTROLLER_0003,"The completed Run was saved, but progression persistence failed (%s). Its terminal save remains available so launch can retry.",,translation required after approval
UI_RUN_CONTROLLER_0004,"The Run completed, but its continuation save could not be cleared (%s). Reopen the game to retry, or choose New Run after checking file permissions.",,translation required after approval
UI_RUN_CONTROLLER_0005,"This action succeeded, but a Suspend Save could not be prepared (%s).",,translation required after approval
UI_RUN_CONTROLLER_0006,Act 2 Normal Ending recorded. Character 3 and Contracts 4–8 are now available for later Runs.,,translation required after approval
UI_RUN_CONTROLLER_0007,Unlock progress could not be saved. The game will retry the next time this Run is recorded.,,translation required after approval
UI_RUN_CONTROLLER_0008,No action is focused.,,translation required after approval
UI_RUN_CONTROLLER_0009,No action is focused.,,translation required after approval
UI_RUN_CONTROLLER_0010,Choose a TileInstance for %s.,,translation required after approval
UI_RUN_CONTROLLER_0011,Choose the result for the selected TileInstance.,,translation required after approval
UI_RUN_CONTROLLER_0012,The focused action is not available.,,translation required after approval
UI_RUN_CONTROLLER_0013,Details are unavailable for that action.,,translation required after approval
UI_RUN_CONTROLLER_0014,Unknown presentation mode.,,translation required after approval
UI_RUN_CONTROLLER_0015,No additional %s effects,,translation required after approval
UI_RUN_CONTROLLER_0016,Take %s Pressure each battle,,translation required after approval
UI_RUN_CONTROLLER_0017,Start each battle with %s Pressure,,translation required after approval
UI_RUN_CONTROLLER_0018,No off-suit tiles in normal rewards,,translation required after approval
UI_RUN_CONTROLLER_0019,Up to %s off-suit tile choices in normal rewards,,translation required after approval
UI_RUN_CONTROLLER_0020,Lose %s Gold when skipping an Elite reward,,translation required after approval
UI_RUN_CONTROLLER_0021,Workshop Refinement costs %s extra Gold,,translation required after approval
UI_RUN_CONTROLLER_0022,Off-suit tile pool weight: %s,,translation required after approval
UI_RUN_CONTROLLER_0023,Higher pool composition cost,,translation required after approval
UI_RUN_CONTROLLER_0024,Pay %s Gold,,translation required after approval
UI_RUN_CONTROLLER_0025,Route opportunity cost,,translation required after approval
UI_RUN_CONTROLLER_0026,Gain %s TP at each battle start,,translation required after approval
UI_RUN_CONTROLLER_0027,Gain %s when skipping an Elite reward,,translation required after approval
UI_RUN_CONTROLLER_0028,Refinement Token,,translation required after approval
UI_RUN_CONTROLLER_0029,Refinement Tokens,,translation required after approval
UI_RUN_CONTROLLER_0030,Tile rewards favor %s,,translation required after approval
UI_RUN_CONTROLLER_0031,Gain %s TP,,translation required after approval
UI_RUN_CONTROLLER_0032,Tempo benefit,,translation required after approval
UI_RUN_CONTROLLER_0033,Starting tile bias favors %s,,translation required after approval
UI_RUN_CONTROLLER_0034,Gain %s,,translation required after approval
UI_RUN_CONTROLLER_0035,Refinement Token,,translation required after approval
UI_RUN_CONTROLLER_0036,Refinement Tokens,,translation required after approval
UI_RUN_CONTROLLER_0037,Extra map opportunity,,translation required after approval
UI_RUN_CONTROLLER_0038,Gain %s on Contract selection,,translation required after approval
UI_RUN_CONTROLLER_0039,Refinement Token,,translation required after approval
UI_RUN_CONTROLLER_0040,Refinement Tokens,,translation required after approval
UI_RUN_CONTROLLER_0041,One extra Modified Tile option,,translation required after approval
UI_RUN_CONTROLLER_0042,%s: %s,,translation required after approval
UI_RUN_CONTROLLER_0043,%s: %s,,translation required after approval
UI_RUN_CONTROLLER_0044,%d %s,,translation required after approval
UI_RUN_CONTROLLER_0045,%s path,,translation required after approval
UI_RUN_CONTROLLER_0046,%s flexibility,,translation required after approval
UI_RUN_CONTROLLER_0047,favors %s,,translation required after approval
UI_RUN_CONTROLLER_0048,No specific Tile Pool bias,,translation required after approval
UI_RUN_CONTROLLER_0049,%s %d,,translation required after approval
UI_RUN_CONTROLLER_0050,General Yaku support,,translation required after approval
UI_RUN_CONTROLLER_0051,No specific Yaku signal,,translation required after approval
UI_RUN_CONTROLLER_0052,%s %d,,translation required after approval
UI_RUN_CONTROLLER_0053,Choose a TileInstance.,,translation required after approval
UI_RUN_CONTROLLER_0054,Choose a Workshop service.,,translation required after approval
UI_RUN_CONTROLLER_0055,%s responded when %s.,,translation required after approval
UI_RUN_CONTROLLER_0056,the trigger occurred,,translation required after approval
UI_RUN_CONTROLLER_0057,%s could not respond when %s (%s).,,translation required after approval
UI_RUN_CONTROLLER_0058,the trigger occurred,,translation required after approval
UI_RUN_CONTROLLER_0059,Character selected.,,translation required after approval
UI_RUN_CONTROLLER_0060,Contract selected.,,translation required after approval
UI_RUN_CONTROLLER_0061,Map node selected.,,translation required after approval
UI_RUN_CONTROLLER_0062,Battle started.,,translation required after approval
UI_RUN_CONTROLLER_0063,Choose a reward.,,translation required after approval
UI_RUN_CONTROLLER_0064,Shop opened.,,translation required after approval
UI_RUN_CONTROLLER_0065,Workshop opened.,,translation required after approval
UI_RUN_CONTROLLER_0066,Choose an Event option.,,translation required after approval
UI_RUN_CONTROLLER_0067,Run Summary reached.,,translation required after approval
UI_RUN_CONTROLLER_0068,%s: %s,,translation required after approval
UI_RUN_CONTROLLER_0069,Character Passive triggered.,,translation required after approval
UI_RUN_CONTROLLER_0070,Tile discarded.,,translation required after approval
UI_RUN_CONTROLLER_0071,Technique used: %s.,,translation required after approval
UI_RUN_CONTROLLER_0072,Run advanced.,,translation required after approval
UI_RUN_CONTROLLER_0073,Cancelled.,,translation required after approval
UI_RUN_CONTROLLER_0074,Action completed.,,translation required after approval
UI_RUN_CONTROLLER_0075,Complete Hand settled.,完整和牌已结算。,context review required
UI_RUN_CONTROLLER_0076,The Boss enters phase %d.,,translation required after approval
UI_RUN_CONTROLLER_0077,Victory!,胜利！,context review required
UI_RUN_SCENE_0001,A recovery copy is at %s.,,translation required after approval
UI_RUN_SCENE_0002,The original save remains in place.,,translation required after approval
UI_RUN_SCENE_0003,Saved unlock profile could not be loaded (%s). %s Progression writes are disabled until you reset the profile.,,translation required after approval
UI_RUN_SCENE_0004,A new run could not start because game content failed validation.,,translation required after approval
UI_RUN_SCENE_0005,A new run could not start because its content registry is unavailable.,,translation required after approval
UI_RUN_SCENE_0006,Phase 2,,translation required after approval
UI_RUN_SCENE_0007,Act Two,,translation required after approval
UI_RUN_SCENE_0008,Alpha Scale,,translation required after approval
UI_RUN_SCENE_0009,%s catalog registration,,translation required after approval
UI_RUN_SCENE_0010,Content registry validation,,translation required after approval
UI_RUN_SCENE_0011,"A new run could not start because game content failed validation. Please report this issue:
%s",,translation required after approval
UI_RUN_SCENE_0012,The Suspend Save commit was interrupted (%s). No older save was loaded. Recovery sources remain unchanged and are copied to %s. Choose New Run only if you want to leave this save behind.,,translation required after approval
UI_RUN_SCENE_0013,"The Suspend Save commit was interrupted (%s), and a recovery copy failed (%s). No older save was loaded. Copy the files manually before starting over.",,translation required after approval
UI_RUN_SCENE_0014,The saved Run could not be read (%s). The source has not been changed. Check the save file permissions or move the file before trying again.,,translation required after approval
UI_RUN_SCENE_0015,"%s The original save remains unchanged, and a byte-for-byte recovery copy is at %s. Choose New Run only if you want to leave this save behind.",,translation required after approval
UI_RUN_SCENE_0016,"%s The original save remains unchanged, but its recovery copy failed (%s). Copy the file manually before starting over.",,translation required after approval
UI_RUN_SCENE_0017, A recovery copy is at %s.,,translation required after approval
UI_RUN_SCENE_0018, Copy the files manually before starting over.,,translation required after approval
UI_RUN_SCENE_0019,"The saved Run was valid, but interrupted-save recovery could not be finalized (%s). The original sources were retained.%s",,translation required after approval
UI_RUN_SCENE_0020,"The previous Run is complete, but progression could not be saved (%s). Resume to view it; its save stays available so launch can retry.",,translation required after approval
UI_RUN_SCENE_0021,"The previous Run is complete, but its save slot could not be cleared (%s). Resume to view the result or choose New Run to retry clearing it.",,translation required after approval
UI_RUN_SCENE_0022,"The saved Run loaded, but interrupted-save cleanup needs attention (%s).",,translation required after approval
UI_RUN_SCENE_0023,This saved Run uses an unsupported content version.,,translation required after approval
UI_RUN_SCENE_0024,This saved Run uses an unsupported game version.,,translation required after approval
UI_RUN_SCENE_0025,The saved Run could not be loaded (%s).,,translation required after approval
UI_RUN_SCENE_0026,A saved Run is ready to continue. Run: %s. Resume restores its saved state and RNG; New Run discards this one continuation save.,,translation required after approval
UI_RUN_SCENE_0027, Saved boundary: %s.,,translation required after approval
UI_RUN_SCENE_0028,New Run (discard saved Run),,translation required after approval
UI_RUN_SCENE_0029,Start New Run (keep rejected save),,translation required after approval
UI_RUN_SCENE_0030,Progression is still not saved (%s). The completed Run remains in its Suspend Save so you can retry on the next launch.,,translation required after approval
UI_RUN_SCENE_0031,The completed Run could not be cleared (%s). Its save remains available.,,translation required after approval
UI_RUN_SCENE_0032,"
The saved Run could not be cleared (%s). No new Run was started; retry after checking file permissions.",,translation required after approval
UI_RUN_SCENE_0033,%s did not return a validation report.,,translation required after approval
UI_RUN_SCENE_0034,%s failed without diagnostic details.,,translation required after approval
UI_RUN_SCENE_0035,%s returned an invalid diagnostic.,,translation required after approval
UI_RUN_SCENE_0036, -> %s,,translation required after approval
UI_RUN_SCENE_0037,%s [%s] %s: %s,,translation required after approval
UI_RUN_SCENE_0038,Forbidden Table — Alpha Run,,translation required after approval
UI_RUN_SCENE_0039,Reset tutorial,重置教程,context review required
UI_RUN_SCENE_0040,New Run,新旅程,context review required
UI_RUN_SCENE_0041,Reset progression profile,,translation required after approval
UI_RUN_SCENE_0042,Archive the rejected save and create a fresh starter unlock profile.,,translation required after approval
UI_RUN_SCENE_0043,Resume Run,继续旅程,context review required
UI_RUN_SCENE_0044,Start New Run (keep rejected save),,translation required after approval
UI_RUN_SCENE_0045,Run state,,translation required after approval
UI_RUN_SCENE_0046,Scroll up,,translation required after approval
UI_RUN_SCENE_0047,Scroll the Run state overview upward.,,translation required after approval
UI_RUN_SCENE_0048,Scroll down,,translation required after approval
UI_RUN_SCENE_0049,Scroll the Run state overview downward.,,translation required after approval
UI_RUN_SCENE_0050,"Run state overview. Focus this area, then use Up or Down to scroll.",,translation required after approval
UI_RUN_SCENE_0051,Hand and Reserve,,translation required after approval
UI_RUN_SCENE_0052,Available actions,,translation required after approval
UI_RUN_SCENE_0053,Finish Run,结束旅程,context review required
UI_RUN_SCENE_0054,Run unavailable,,translation required after approval
UI_RUN_SCENE_0055,Act %d of %d   ·   %s,,translation required after approval
UI_RUN_SCENE_0056,"Run: %s
Character: %s
Contract: %s
Gold: %d     Refinement: %d
Current map node: %s",,translation required after approval
UI_RUN_SCENE_0057,No actions are available in this state.,,translation required after approval
UI_RUN_SCENE_0058,Tutorial complete,,translation required after approval
UI_RUN_SCENE_0059,Disable tutorial,关闭教程,context review required
UI_RUN_SCENE_0060,Enable tutorial,,translation required after approval
UI_RUN_SCENE_0061,"Tutorial: draw a tile, inspect the highlighted Patterns, then settle one to deal damage.",,translation required after approval
UI_RUN_SCENE_0062,Tutorial: spend TP on your Core Technique when its timing is legal.,,translation required after approval
UI_RUN_SCENE_0063,Tutorial: store a tile in Reserve to protect it from enemy Pressure.,,translation required after approval
UI_RUN_SCENE_0064,Tutorial: build and settle a Complete Hand to advance Yaku progress.,,translation required after approval
UI_RUN_SCENE_0065,Tutorial: inspect enemy intent and Contamination before ending the turn.,,translation required after approval
UI_RUN_SCENE_0066,A new run could not start because game content failed validation.,,translation required after approval
UI_RUN_SCENE_0067,Progression could not be saved (%s). The completed Run remains available; retry before starting another Run.,,translation required after approval
UI_RUN_SCENE_0068,The previous Suspend Save could not be cleared (%s). No new Run was started; check file permissions and retry.,,translation required after approval
UI_RUN_SCENE_0069,Progression profile reset. The rejected save remains preserved at %s.,,translation required after approval
UI_RUN_SCENE_0070,the recovery copy,,translation required after approval
UI_RUN_SCENE_0071,Progression profile reset failed (%s). Progression writes remain disabled.,,translation required after approval
UI_RUN_SCENE_0072,"Run outcome: %s
Reason: %s",,translation required after approval
UI_RUN_SCENE_0073,No active battle. Use the available actions to advance the Run.,,translation required after approval
UI_RUN_SCENE_0074,%s (%d Pressure),,translation required after approval
UI_RUN_SCENE_0075,"%s
Enemy HP: %d / %d
Enemy intent: %s
Pressure: %d / %d
TP: %d    Stability: %d
Patterns available: %d    Outcome: %s",,translation required after approval
UI_RUN_SCENE_0076,Run tile pool (%d): %s,,translation required after approval
UI_RUN_SCENE_0077,"Hand (%d): %s
Reserve (%d): %s",,translation required after approval
UI_RUN_SCENE_0078,Choose Character — %s,,translation required after approval
UI_RUN_SCENE_0079,%s — %s,,translation required after approval
UI_RUN_SCENE_0080,Draw tile,摸牌,context review required
UI_RUN_SCENE_0081,End turn (resolve enemy intent),,translation required after approval
UI_RUN_SCENE_0082, — %s,,translation required after approval
UI_RUN_SCENE_0083,Reaction before intent,,translation required after approval
UI_RUN_SCENE_0084,%s Technique — %s%s (TP %d),,translation required after approval
UI_RUN_SCENE_0085,Settle %s — %s,,translation required after approval
UI_RUN_SCENE_0086,Settle complete hand — %s,,translation required after approval
UI_RUN_SCENE_0087,Store %s in Reserve,,translation required after approval
UI_RUN_SCENE_0088,Discard %s,,translation required after approval
UI_RUN_SCENE_0089,Swap %s with Reserve %s,,translation required after approval
UI_RUN_SCENE_0090,Choose reward — %s,,translation required after approval
UI_RUN_SCENE_0091,Enter Shop,,translation required after approval
UI_RUN_SCENE_0092,Buy %s (%d Gold),,translation required after approval
UI_RUN_SCENE_0093,Refresh Shop,刷新商店,context review required
UI_RUN_SCENE_0094,Leave Shop,离开商店,context review required
UI_RUN_SCENE_0095,Enter Workshop,,translation required after approval
UI_RUN_SCENE_0096,Workshop — %s,,translation required after approval
UI_RUN_SCENE_0097,Choose tile — %s,,translation required after approval
UI_RUN_SCENE_0098,Back to Workshop choices,,translation required after approval
UI_RUN_SCENE_0099,Leave Workshop,离开工坊,context review required
UI_RUN_SCENE_0100,Enter Event,,translation required after approval
UI_RUN_SCENE_0101,Event — %s,,translation required after approval
UI_RUN_SCENE_0102,Acknowledge Run Summary,,translation required after approval
UI_RUN_SCENE_0103,%s — %s,,translation required after approval
UI_RUN_SCENE_0104,Choose %s,,translation required after approval
UI_RUN_SCENE_0105,Choose Contract — %s,,translation required after approval
UI_RUN_SCENE_0106,Use %s Technique,,translation required after approval
UI_RUN_SCENE_0107,Settle %s,,translation required after approval
UI_RUN_SCENE_0108,Settle complete hand,,translation required after approval
UI_RUN_SCENE_0109,Store tile,,translation required after approval
UI_RUN_SCENE_0110,Discard tile,,translation required after approval
UI_RUN_SCENE_0111,Swap with Reserve,,translation required after approval
UI_RUN_SCENE_0112,Choose reward,,translation required after approval
UI_RUN_SCENE_0113,Buy offer,,translation required after approval
UI_RUN_SCENE_0114,Choose Event option,,translation required after approval
UI_RUN_SCENE_0115,Choose tile,,translation required after approval
UI_RUN_SCENE_0116,"Choose a Character, then choose a Contract to begin the Act 1 map. The Run prepares its starting Tile Pool when you choose.",,translation required after approval
UI_RUN_SCENE_0117,Choose a Contract. Your selection applies across both Acts.,,translation required after approval
UI_RUN_SCENE_0118,Choose an adjacent node. Complete battles and the Boss reward to continue the Run.,,translation required after approval
UI_RUN_SCENE_0119,"Draw tiles, settle highlighted Patterns or a Complete Hand, and end the turn to resolve enemy intent.",,translation required after approval
UI_RUN_SCENE_0120,"Review the Build Story, then acknowledge the summary to finish the Run.",,translation required after approval
UI_RUN_SCENE_0121,Run complete. Start another Run when you are ready.,,translation required after approval
UI_RUN_SCENE_0122,Choose an available action to continue. Enter or A confirms.,,translation required after approval
UI_RUN_SCENE_0123,"%s Tab or L/R shoulder moves focus. Focus Run state, then press Up/Down to scroll. Or focus Scroll up/down and press Enter/A.",,translation required after approval
UI_RUN_SCENE_0124,%s — %s,,translation required after approval
UI_RUN_SCENE_0125,Transform %s to %s (%d Gold),,translation required after approval
UI_RUN_SCENE_0126,Add %s to %s (%d Gold),,translation required after approval
UI_RUN_SCENE_0127,Replace modifier on %s with %s (%d Gold),,translation required after approval
UI_RUN_SCENE_0128,Remove %s (%d Gold),,translation required after approval
UI_RUN_SCENE_0129,Duplicate %s (%d Gold),,translation required after approval
UI_RUN_SCENE_0130,Use Refinement Token on %s (%d Gold),,translation required after approval
UI_RUN_SCENE_0131,Workshop — %s,,translation required after approval
UI_RUN_SCENE_0133,Current tile: %s,,translation required after approval
UI_RUN_SCENE_0134,New tile: %s,,translation required after approval
UI_RUN_SCENE_0135,Add modifier: %s,,translation required after approval
UI_RUN_SCENE_0136,Replace %s with %s,,translation required after approval
UI_RUN_SCENE_0137,Cost: %d Gold,,translation required after approval
UI_RUN_SCENE_0138,Also consumes: 1 Refinement Token,,translation required after approval
UI_RUN_SCENE_0139,No risk details available,,translation required after approval
UI_RUN_SCENE_0140,No reward details available,,translation required after approval
UI_RUN_SCENE_0141,"Choose Contract — %s
Risk: %s
Reward: %s",,translation required after approval
UI_RUN_SCENE_0142,No risk details available,,translation required after approval
UI_RUN_SCENE_0143,No reward details available,,translation required after approval
UI_RUN_SCENE_0144,No specific Tile Pool bias,,translation required after approval
UI_RUN_SCENE_0145,No specific Yaku signal,,translation required after approval
UI_RUN_SCENE_0146,"%s
Risk: %s
Reward: %s
Build bias: %s
Yaku signal: %s",,translation required after approval
UI_RUN_SCENE_0148,—,,translation required after approval
UI_RUN_SCENE_0149,Battle,,translation required after approval
UI_RUN_SUMMARY_0001,"Run Summary
No terminal Run data is available.",,translation required after approval
UI_RUN_SUMMARY_0002,Act %d: %s,,translation required after approval
UI_RUN_SUMMARY_0003,Not tracked for this Run,,translation required after approval
UI_RUN_SUMMARY_0004,Act %d of %d; %s,,translation required after approval
UI_RUN_SUMMARY_0005,Act %d of %d; Boss progress not tracked for this Run,,translation required after approval
UI_RUN_SUMMARY_0006,Build Story,,translation required after approval
UI_RUN_SUMMARY_0007,Result: %s%s,,translation required after approval
UI_RUN_SUMMARY_0008,Character / Contract: %s / %s,,translation required after approval
UI_RUN_SUMMARY_0009,Acts / Bosses: %s,,translation required after approval
UI_RUN_SUMMARY_0010,Final Tile Pool: %s,,translation required after approval
UI_RUN_SUMMARY_0011,Core Yaku: %s,,translation required after approval
UI_RUN_SUMMARY_0012,Relics: %s,,translation required after approval
UI_RUN_SUMMARY_0013,Techniques: %s,,translation required after approval
UI_RUN_SUMMARY_0014,Rule Breakers: %s,,translation required after approval
UI_RUN_SUMMARY_0015,Common Patterns: %s,,translation required after approval
UI_RUN_SUMMARY_0016,Complete Hands: %s,,translation required after approval
UI_RUN_SUMMARY_0017,Maximum Mahjong Score: %s,,translation required after approval
UI_RUN_SUMMARY_0018,Milestones: %s,,translation required after approval
UI_RUN_SUMMARY_0019,Seed: %d,,translation required after approval
UI_RUN_SUMMARY_0020,Duration: %s,,translation required after approval
UI_RUN_SUMMARY_0021,None recorded,,translation required after approval
UI_RUN_SUMMARY_0022,None recorded,,translation required after approval
UI_RUN_SUMMARY_0023,%s ×%d,,translation required after approval
UI_RUN_SUMMARY_0024,Not tracked for this Run,,translation required after approval
UI_RUN_SUMMARY_0025,Not tracked for this Run,,translation required after approval
UI_RUN_SUMMARY_0026,Not tracked for this Run,,translation required after approval
UI_RUN_SUMMARY_0027,Not recorded,,translation required after approval
UI_RUN_SUMMARY_0029,None recorded,,translation required after approval
UI_RUN_SUMMARY_0030, (%s),,translation required after approval
WORD_ACTION,Action,,translation required after approval
WORD_ACT_ONE,Act one,,translation required after approval
WORD_ACT_TWO,Act two,,translation required after approval
WORD_ACTIVE,Active,,translation required after approval
WORD_ADD_MODIFIER,Add modifier,,translation required after approval
WORD_AMENDED_CLAUSE,Amended clause,,translation required after approval
WORD_BAMBOO,Bamboo,,translation required after approval
WORD_BATTLE,Battle,,translation required after approval
WORD_BATTLE_ACTION,Battle action,,translation required after approval
WORD_BATTLE_DEFEAT,Battle defeat,,translation required after approval
WORD_BOSS,Boss,首领,context review required
WORD_BOSS_DEFEATED,Boss Defeated,,translation required after approval
WORD_BOSS_REWARD,Boss reward,,translation required after approval
WORD_BRITTLE_COMPASS,Brittle compass,,translation required after approval
WORD_BUILD_BIAS,Build bias,,translation required after approval
WORD_CHARACTER,Character,,translation required after approval
WORD_CHARACTERS,Characters,,translation required after approval
WORD_CHARACTER_SELECT,Character select,,translation required after approval
WORD_COMPLETE_HAND,Complete hand,,translation required after approval
WORD_COMPOSITION_COST,Composition cost,,translation required after approval
WORD_CONTRACT,Contract,,translation required after approval
WORD_CONTRACT_CLAUSE,Contract clause,,translation required after approval
WORD_CONTRACT_SELECT,Contract select,,translation required after approval
WORD_COPY_LICENSE,Copy license,,translation required after approval
WORD_CORE,Core,,translation required after approval
WORD_CROSS_REFERENCE,Cross reference,,translation required after approval
WORD_DEFEAT,Defeat,,translation required after approval
WORD_DISCARD,Discard,,translation required after approval
WORD_DOTS,Dots,,translation required after approval
WORD_DRAW,Draw,,translation required after approval
WORD_DRAW_ACTION,Draw action,,translation required after approval
WORD_DUPLICATE,Duplicate,复制,context review required
WORD_EAST,East,东风,context review required
WORD_ELITE,Elite,精英,context review required
WORD_ELITE_REWARD,Elite reward,精英奖励,context review required
WORD_ELITE_SKIP_GOLD_PENALTY,Elite skip gold penalty,,translation required after approval
WORD_EMPTY,Empty,,translation required after approval
WORD_END_TURN,End turn,,translation required after approval
WORD_ENTER_EVENT,Enter event,,translation required after approval
WORD_ENTER_SHOP,Enter shop,,translation required after approval
WORD_ENTER_WORKSHOP,Enter workshop,,translation required after approval
WORD_EVENT,Event,,translation required after approval
WORD_EVENT_OPTION,Event option,,translation required after approval
WORD_EXTRA_MODIFIED_TILE_CHOICE,Extra modified tile choice,,translation required after approval
WORD_FALSE,False,,translation required after approval
WORD_FINAL_ANNOTATION,Final annotation,,translation required after approval
WORD_FLEXIBILITY,Flexibility,,translation required after approval
WORD_GOLD,Gold,,translation required after approval
WORD_GOLD_CACHE,Gold cache,,translation required after approval
WORD_GOLD_EXCHANGE,Gold exchange,,translation required after approval
WORD_GREEN,Green,,translation required after approval
WORD_HAND,Hand,,translation required after approval
WORD_HONORS,Honors,,translation required after approval
WORD_HOUSE_TITHE,House tithe,,translation required after approval
WORD_INITIAL_PRESSURE_PER_BATTLE,Initial pressure per battle,,translation required after approval
WORD_INSUFFICIENT_TP,Insufficient TP,,translation required after approval
WORD_LONG_CURRENT,Long current,,translation required after approval
WORD_LONG_MARGIN,Long margin,,translation required after approval
WORD_MAP,Map,,translation required after approval
WORD_MAP_CHOICE,Map choice,,translation required after approval
WORD_MAP_NODE,Map node,,translation required after approval
WORD_MAP_OPPORTUNITY,Map opportunity,,translation required after approval
WORD_MAP_REVEAL,Map reveal,,translation required after approval
WORD_NONE,None,,translation required after approval
WORD_NORMAL,Normal,标准,context review required
WORD_NORMAL_REWARD_OFF_SUIT_CHOICE_CAP,Normal reward off suit choice cap,,translation required after approval
WORD_NORTH,North,北风,context review required
WORD_OFF_SUIT_POOL_WEIGHT,Off suit pool weight,,translation required after approval
WORD_ONGOING,Ongoing,,translation required after approval
WORD_OPEN_LEDGER,Open ledger,,translation required after approval
WORD_PAIR,Pair,,translation required after approval
WORD_PARTIAL_SETTLEMENT,Partial settlement,,translation required after approval
WORD_PASSIVE,Passive,,translation required after approval
WORD_PATH,Path,,translation required after approval
WORD_PATTERN,Pattern,,translation required after approval
WORD_POOL_BIAS,Pool bias,,translation required after approval
WORD_PREFERRED_TILE_IDS,Preferred tile ids,,translation required after approval
WORD_PRESSURE,Pressure,压力,context review required
WORD_PRESSURE_PER_BATTLE,Pressure per battle,,translation required after approval
WORD_QUAD,Quad,,translation required after approval
WORD_QUIET_CURRENT,Quiet current,,translation required after approval
WORD_REACTION,Reaction,,translation required after approval
WORD_REACTION_BEFORE_INTENT,Reaction before intent,,translation required after approval
WORD_RED,Red,,translation required after approval
WORD_REDUCED,Reduced,,translation required after approval
WORD_REFINEMENT,Refinement,,translation required after approval
WORD_REFINEMENT_TOKEN,Refinement token,,translation required after approval
WORD_REFINEMENT_TOKENS,Refinement tokens,,translation required after approval
WORD_REFINEMENT_TOKENS_ON_CONTRACT_SELECTION,Refinement tokens on contract selection,,translation required after approval
WORD_REFINEMENT_TOKENS_ON_ELITE_SKIP,Refinement tokens on elite skip,,translation required after approval
WORD_REMOVE,Remove,移除,context review required
WORD_REPLACE_MODIFIER,Replace modifier,,translation required after approval
WORD_RESERVE,Reserve,备牌,context review required
WORD_RESERVE_SWAP,Reserve swap,,translation required after approval
WORD_REWARD,Reward,回报,context review required
WORD_REWARD_CHOICE,Reward choice,,translation required after approval
WORD_REWARD_TILE_SUIT_BIAS,Reward tile suit bias,,translation required after approval
WORD_RISK,Risk,风险,context review required
WORD_RISK_BARGAIN,Risk bargain,风险交易,context review required
WORD_RITUAL_SALVE,Ritual salve,,translation required after approval
WORD_ROUTE_COST,Route cost,,translation required after approval
WORD_ROUTE_DEPENDENT,Route-dependent,,translation required after approval
WORD_RULE_MEMORY,Rule memory,,translation required after approval
WORD_RUN_COMPLETE,Run complete,旅程结束,context review required
WORD_RUN_MODIFIER,Run modifier,,translation required after approval
WORD_RUN_SUMMARY,Run summary,,translation required after approval
WORD_SEQUENCE,Sequence,顺子,context review required
WORD_SEVEN_PAIRS,Seven pairs,,translation required after approval
WORD_SETTLEMENT,Settlement,,translation required after approval
WORD_SHADOW_ACCOUNT,Shadow account,,translation required after approval
WORD_SHOP,Shop,商店,context review required
WORD_SHOP_EXIT,Shop exit,,translation required after approval
WORD_SHOP_OFFER,Shop offer,,translation required after approval
WORD_SHOP_REFRESH,Shop refresh,,translation required after approval
WORD_SKIP,Skip,,translation required after approval
WORD_SOUTH,South,南风,context review required
WORD_STANDARD,Standard,,translation required after approval
WORD_STARTING_BIAS,Starting bias,,translation required after approval
WORD_STARTING_TP_PER_BATTLE,Starting TP per battle,,translation required after approval
WORD_STEADY,Steady,,translation required after approval
WORD_TECHNIQUE,Technique,,translation required after approval
WORD_TEMPO,Tempo,,translation required after approval
WORD_TILE_SURGERY,Tile surgery,牌面手术,context review required
WORD_TILE_SURGERY_SEALED_ENTRY,Tile surgery sealed entry,,translation required after approval
WORD_TP,TP,,translation required after approval
WORD_TRANSFORM,Transform,变换,context review required
WORD_UNAVAILABLE,Unavailable,不可用,context review required
WORD_TRIPLET,Triplet,,translation required after approval
WORD_TRUE,True,,translation required after approval
WORD_VICTORY,Victory,胜利,context review required
WORD_VISIBLE,Visible,,translation required after approval
WORD_WEST,West,西风,context review required
WORD_WHITE,White,白板,context review required
WORD_WORKSHOP,Workshop,工坊,context review required
WORD_WORKSHOP_BACK,Workshop back,,translation required after approval
WORD_WORKSHOP_COUPON,Workshop coupon,,translation required after approval
WORD_WORKSHOP_EXIT,Workshop exit,,translation required after approval
WORD_WORKSHOP_REFINEMENT_GOLD_SURCHARGE,Workshop refinement gold surcharge,,translation required after approval
WORD_WORKSHOP_SELECT_SERVICE,Workshop select service,,translation required after approval
WORD_WORKSHOP_SELECT_TARGET,Workshop select target,,translation required after approval
WORD_WORKSHOP_SERVICE,Workshop service,,translation required after approval
WORD_YAKU,Yaku,,translation required after approval
WORD_YAKU_SIGNAL,Yaku signal,,translation required after approval
WORD_YAKU_SIGNAL_SUMMARY,Yaku signal summary,,translation required after approval
WORD_ACCEPT,Accept,,translation required after approval
WORD_ACT_1_BOSS_DEFEATED,Act 1 boss defeated,,translation required after approval
WORD_ACT_2_BOSS_DEFEATED,Act 2 boss defeated,,translation required after approval
WORD_ACT_2_REACHED,Act 2 reached,,translation required after approval
WORD_CARRY_CLAUSE,Carry clause,,translation required after approval
WORD_CHARACTER_CHOSEN,Character chosen,,translation required after approval
WORD_CONTRACT_CHOSEN,Contract chosen,,translation required after approval
WORD_EXCHANGE,Exchange,,translation required after approval
WORD_FAVORABLE_ENTRY,Favorable entry,,translation required after approval
WORD_FIRST_COMPLETE_HAND,First complete hand,,translation required after approval
WORD_FIRST_RULE_BREAKER_ACQUIRED,First rule breaker acquired,,translation required after approval
WORD_LEAVE,Leave,离开,context review required
WORD_MISREAD_ENTRY,Misread entry,,translation required after approval
WORD_MISSED_PAYMENT,Missed payment,,translation required after approval
WORD_PAID_ON_TIME,Paid on time,,translation required after approval
WORD_REMEMBER,Remember,,translation required after approval
WORD_REMEMBER_RULE,Remember rule,,translation required after approval
WORD_REPAIR_WITH_TOKEN,Repair with token,,translation required after approval
WORD_REVEAL,Reveal,,translation required after approval
WORD_REVEAL_ROUTE,Reveal route,,translation required after approval
WORD_SPEND_TOKEN,Spend token,,translation required after approval
WORD_STAKE_HIDDEN_ACCOUNT,Stake hidden account,,translation required after approval
WORD_STUDY_YAKU,Study yaku,,translation required after approval
WORD_TAKE_ADVANCE,Take advance,,translation required after approval
WORD_TAKE_WAGER,Take wager,,translation required after approval
WORD_TRADE_GOLD,Trade gold,,translation required after approval
WORD_TRADE_MARGIN,Trade margin,,translation required after approval
alpha.act_two.boss_rule_breaker_pool,Boss rule breaker pool,,translation required after approval
alpha.boss.act_one.harbor_arbiter,Harbor arbiter,,translation required after approval
alpha.boss.act_two.final_index,Final index,,translation required after approval
alpha.boss.act_two.tidal_archive,Tidal archive,,translation required after approval
alpha.character.harbor_reader,Harbor reader,港湾读者,context review required
alpha.contract.brittle_compass,Brittle Compass,,translation required after approval
alpha.contract.house_tithe,House Tithe,,translation required after approval
alpha.contract.long_current,Long Current,,translation required after approval
alpha.contract.open_ledger,Open Ledger,,translation required after approval
alpha.contract.quiet_current,Quiet Current,,translation required after approval
alpha.encounter.act_one_boss,Act One Boss,,translation required after approval
alpha.encounter.act_one.elite.clockwork_auditor,Clockwork auditor,,translation required after approval
alpha.encounter.act_one.elite.drift_captain,Drift captain,,translation required after approval
alpha.encounter.act_one.normal.fog_caller,Fog caller,,translation required after approval
alpha.encounter.act_one.normal.margin_taker,Margin taker,,translation required after approval
alpha.encounter.act_one.normal.signal_keeper,Signal keeper,,translation required after approval
alpha.encounter.act_two.boss,Boss,首领,context review required
alpha.encounter.act_two.boss.a,Boss A,,translation required after approval
alpha.encounter.act_two.boss.b,Boss B,,translation required after approval
alpha.encounter.act_two.boss.c,C,,translation required after approval
alpha.encounter.act_two.elite,Elite,精英,context review required
alpha.encounter.act_two.elite.a,Elite A,,translation required after approval
alpha.encounter.act_two.elite.b,Elite B,,translation required after approval
alpha.encounter.act_two.elite.infernal_index,Infernal index,,translation required after approval
alpha.encounter.act_two.elite.margin_enforcer,Margin enforcer,,translation required after approval
alpha.encounter.act_two.normal.contract_harrier,Contract harrier,,translation required after approval
alpha.encounter.act_two.normal.echo_courier,Echo courier,,translation required after approval
alpha.encounter.act_two.normal.intro,Intro,,translation required after approval
alpha.encounter.act_two.normal.intro.a,Intro A,,translation required after approval
alpha.encounter.act_two.normal.intro.b,Intro B,,translation required after approval
alpha.encounter.act_two.normal.left,Left,,translation required after approval
alpha.encounter.act_two.normal.left.a,Left A,,translation required after approval
alpha.encounter.act_two.normal.left.b,Left B,,translation required after approval
alpha.encounter.act_two.normal.lien_keeper,Lien keeper,,translation required after approval
alpha.encounter.act_two.normal.mid,Mid,,translation required after approval
alpha.encounter.act_two.normal.mid.a,Mid A,,translation required after approval
alpha.encounter.act_two.normal.mid.b,Mid B,,translation required after approval
alpha.encounter.act_two.normal.right,Right,,translation required after approval
alpha.encounter.act_two.normal.right.a,Right A,,translation required after approval
alpha.encounter.act_two.normal.right.b,Right B,,translation required after approval
alpha.enemy.act_one.elite.clockwork_auditor,Clockwork auditor,,translation required after approval
alpha.enemy.act_one.elite.drift_captain,Drift captain,,translation required after approval
alpha.enemy.act_one.fog_caller,Fog caller,,translation required after approval
alpha.enemy.act_one.margin_taker,Margin taker,,translation required after approval
alpha.enemy.act_one.signal_keeper,Signal keeper,,translation required after approval
alpha.enemy.act_two.afterimage,Afterimage,,translation required after approval
alpha.enemy.act_two.contract_harrier,Contract harrier,,translation required after approval
alpha.enemy.act_two.echo_courier,Echo courier,,translation required after approval
alpha.enemy.act_two.elite.infernal_index,Infernal index,,translation required after approval
alpha.enemy.act_two.elite.ledger_mimic,Ledger mimic,,translation required after approval
alpha.enemy.act_two.elite.margin_enforcer,Margin enforcer,,translation required after approval
alpha.enemy.act_two.lien_keeper,Lien keeper,,translation required after approval
alpha.enemy.act_two.pressure_warden,Pressure warden,,translation required after approval
alpha.enemy.act_two.tollkeeper,Tollkeeper,,translation required after approval
alpha.enemy.act_two.wall_eater,Wall eater,,translation required after approval
alpha.event.act_one.contract_clause,Contract clause,,translation required after approval
alpha.event.act_one.gold_exchange,Gold exchange,,translation required after approval
alpha.event.act_one.map_reveal,Map reveal,,translation required after approval
alpha.event.act_one.risk_bargain,Risk bargain,风险交易,context review required
alpha.event.act_one.rule_memory,Rule memory,,translation required after approval
alpha.event.act_one.tile_surgery,Tile surgery,牌面手术,context review required
alpha.event.act_two.contract_clause,Contract clause,,translation required after approval
alpha.event.act_two.contract_clause.amended_clause,Amended clause,,translation required after approval
alpha.event.act_two.gold_exchange,Gold exchange,,translation required after approval
alpha.event.act_two.gold_exchange.long_margin,Long margin,,translation required after approval
alpha.event.act_two.map_reveal,Map reveal,,translation required after approval
alpha.event.act_two.map_reveal.final_annotation,Final annotation,,translation required after approval
alpha.event.act_two.risk_bargain,Risk bargain,风险交易,context review required
alpha.event.act_two.risk_bargain.shadow_account,Shadow account,,translation required after approval
alpha.event.act_two.rule_memory,Rule memory,,translation required after approval
alpha.event.act_two.rule_memory.cross_reference,Cross reference,,translation required after approval
alpha.event.act_two.tile_surgery,Tile surgery,牌面手术,context review required
alpha.event.act_two.tile_surgery.sealed_entry,Sealed entry,,translation required after approval
alpha.modifier.double_edge,Double edge,,translation required after approval
alpha.modifier.harbor_mark,Harbor mark,,translation required after approval
alpha.modifier.quiet_surface,Quiet surface,,translation required after approval
alpha.modifier.refinement_trace,Refinement trace,,translation required after approval
alpha.modifier.sharp_current,Sharp current,,translation required after approval
alpha.modifier.trade_mark,Trade mark,,translation required after approval
alpha.modifier.wide_channel,Wide channel,,translation required after approval
alpha.passive.harbor_read,Harbor read,,translation required after approval
alpha.relic.act_one.ceramic_dial,Ceramic dial,,translation required after approval
alpha.relic.act_one.clean_wake,Clean wake,,translation required after approval
alpha.relic.act_one.harbor_notch,Harbor notch,,translation required after approval
alpha.relic.act_one.settlement_chart,Settlement chart,,translation required after approval
alpha.relic.act_one.steady_keel,Steady keel,,translation required after approval
alpha.relic.act_one.tide_whistle,Tide whistle,,translation required after approval
alpha.relic.act_one.trade_current,Trade current,,translation required after approval
alpha.relic.act_two.cargo_ledger,Cargo ledger,,translation required after approval
alpha.relic.act_two.clean_ink,Clean ink,,translation required after approval
alpha.relic.act_two.crosswind_signal,Crosswind signal,,translation required after approval
alpha.relic.act_two.deep_reserve,Deep reserve,,translation required after approval
alpha.relic.act_two.draw_wick,Draw wick,,translation required after approval
alpha.relic.act_two.echo_index,Echo index,,translation required after approval
alpha.relic.act_two.echo_lens,Echo lens,,translation required after approval
alpha.relic.act_two.final_margin,Final margin,,translation required after approval
alpha.relic.act_two.honor_chime,Honor chime,,translation required after approval
alpha.relic.act_two.ink_filter,Ink filter,,translation required after approval
alpha.relic.act_two.ledger_shard,Ledger shard,,translation required after approval
alpha.relic.act_two.pairing_knot,Pairing knot,,translation required after approval
alpha.relic.act_two.pressure_bell,Pressure bell,,translation required after approval
alpha.relic.act_two.pressure_rivet,Pressure rivet,,translation required after approval
alpha.relic.act_two.pressure_vent,Pressure vent,,translation required after approval
alpha.relic.act_two.quiet_coin,Quiet coin,,translation required after approval
alpha.relic.act_two.reserve_lamp,Reserve lamp,,translation required after approval
alpha.relic.act_two.reserve_ribbon,Reserve ribbon,,translation required after approval
alpha.relic.act_two.sequence_compass,Sequence compass,,translation required after approval
alpha.relic.act_two.settlement_chart,Settlement chart,,translation required after approval
alpha.relic.act_two.settlement_seal,Settlement seal,,translation required after approval
alpha.relic.act_two.stability_cord,Stability cord,,translation required after approval
alpha.relic.act_two.triplet_compass,Triplet compass,,translation required after approval
alpha.relic.act_two.twin_current,Twin current,,translation required after approval
alpha.relic.act_two.wall_surveyor,Wall surveyor,,translation required after approval
alpha.reward_pool.act_one_build,Act one build,,translation required after approval
alpha.reward_pool.act_two_build,Act two build,,translation required after approval
alpha.reward_pool.boss_rule_breaker_act_one,Boss rule breaker act one,,translation required after approval
alpha.reward_pool.boss_rule_breaker_act_two,Boss rule breaker act two,,translation required after approval
alpha.rule_breaker.act_one.stability_surge,Stability surge,,translation required after approval
alpha.rule_breaker.act_one.tactical_reserve,Tactical reserve,,translation required after approval
alpha.rule_breaker.act_two.draw_actions,Draw actions,,translation required after approval
alpha.rule_breaker.act_two.early_tile,Early tile,,translation required after approval
alpha.rule_breaker.act_two.ledger_dividend,Ledger dividend,,translation required after approval
alpha.rule_breaker.act_two.reserve_capacity,Reserve capacity,,translation required after approval
alpha.rule_breaker.act_two.settlement_capacity,Settlement capacity,,translation required after approval
alpha.shop_pool.act_two_build,Act two build,,translation required after approval
alpha.technique.cleansing_call,Cleansing call,,translation required after approval
alpha.technique.core.harbor_read,Harbor read,,translation required after approval
alpha.technique.draw_capacity,Draw capacity,,translation required after approval
alpha.technique.first_measure,First measure,,translation required after approval
alpha.technique.harbor_strike,Harbor strike,,translation required after approval
alpha.technique.last_measure,Last measure,,translation required after approval
alpha.technique.ledger_wind,Ledger wind,,translation required after approval
alpha.technique.pressure_dividend,Pressure dividend,,translation required after approval
alpha.technique.pressure_turn,Pressure turn,,translation required after approval
alpha.technique.refinement_practice,Refinement practice,,translation required after approval
alpha.technique.reserve_survey,Reserve survey,,translation required after approval
alpha.technique.river_step,River step,,translation required after approval
alpha.technique.settlement_mirror,Settlement mirror,,translation required after approval
alpha.technique.tide_draw,Tide draw,,translation required after approval
alpha.workshop_pool.scale,Scale,,translation required after approval
alpha.yaku.character_flow,Character flow,,translation required after approval
alpha.yaku.character_majority,Character majority,,translation required after approval
alpha.yaku.dot_majority,Dot majority,,translation required after approval
alpha.yaku.dotted_river,Dotted river,,translation required after approval
alpha.yaku.double_sequence,Double sequence,,translation required after approval
alpha.yaku.honor_beacon,Honor beacon,,translation required after approval
alpha.yaku.honor_chorus,Honor chorus,,translation required after approval
alpha.yaku.honor_gathering,Honor gathering,,translation required after approval
alpha.yaku.mixed_quartet,Mixed quartet,,translation required after approval
alpha.yaku.pair_archive,Pair archive,,translation required after approval
alpha.yaku.pair_triad,Pair triad,,translation required after approval
alpha.yaku.quad_duet,Quad duet,,translation required after approval
alpha.yaku.quad_pair,Quad pair,,translation required after approval
alpha.yaku.sequence_cascade,Sequence cascade,,translation required after approval
alpha.yaku.sequence_pair,Sequence pair,,translation required after approval
alpha.yaku.sequence_quad,Sequence quad,,translation required after approval
alpha.yaku.sequence_triplet,Sequence triplet,,translation required after approval
alpha.yaku.sequence_triplet_pair,Sequence triplet pair,,translation required after approval
alpha.yaku.triplet_duet,Triplet duet,,translation required after approval
alpha.yaku.triplet_pair,Triplet pair,,translation required after approval
alpha.yaku.triplet_quad,Triplet quad,,translation required after approval
alpha.yaku.triplet_row,Triplet row,,translation required after approval
base.boss.table_breaker,Table breaker,,translation required after approval
base.character.reserve,Reserve,备牌,context review required
base.character.sequence,Sequence,顺子,context review required
base.contamination.clutter,Clutter,,translation required after approval
base.contamination.fatigue_mold,Fatigue mold,,translation required after approval
base.contamination.pressure_dross,Pressure dross,,translation required after approval
base.contract.pool_bias,Pool bias,,translation required after approval
base.contract.pressure,Pressure,压力,context review required
base.contract.refinement_debt,Refinement debt,,translation required after approval
base.encounter.boss,Boss,首领,context review required
base.encounter.boss.a,A,,translation required after approval
base.encounter.boss.b,B,,translation required after approval
base.encounter.boss.c,C,,translation required after approval
base.encounter.elite,Elite,精英,context review required
base.encounter.elite.a,A,,translation required after approval
base.encounter.elite.b,B,,translation required after approval
base.encounter.intro,Intro,,translation required after approval
base.encounter.intro.a,A,,translation required after approval
base.encounter.intro.b,B,,translation required after approval
base.encounter.normal.left,Left,,translation required after approval
base.encounter.normal.left.a,A,,translation required after approval
base.encounter.normal.left.b,B,,translation required after approval
base.encounter.normal.mid,Mid,,translation required after approval
base.encounter.normal.mid.a,A,,translation required after approval
base.encounter.normal.mid.b,B,,translation required after approval
base.encounter.normal.right,Right,,translation required after approval
base.encounter.normal.right.a,A,,translation required after approval
base.encounter.normal.right.b,B,,translation required after approval
base.enemy.contaminator,Contaminator,,translation required after approval
base.enemy.integrity_collector,Integrity collector,,translation required after approval
base.enemy.ledger_hunter,Ledger hunter,,translation required after approval
base.enemy.pressure_sentinel,Pressure sentinel,压力哨兵,context review required
base.enemy.wall_taxer,Wall taxer,,translation required after approval
base.event.contract_clause,Contract clause,,translation required after approval
base.event.gold_exchange,Gold exchange,,translation required after approval
base.event.map_reveal,Map reveal,,translation required after approval
base.event.risk_bargain,Risk bargain,风险交易,context review required
base.event.rule_memory,Rule memory,,translation required after approval
base.event.tile_surgery,Tile surgery,牌面手术,context review required
base.map.act_one,Act one,,translation required after approval
base.map.act_two,Act two,,translation required after approval
base.map_node.act_two.boss,Boss,首领,context review required
base.map_node.act_two.elite,Elite,精英,context review required
base.map_node.act_two.event.left,Left,,translation required after approval
base.map_node.act_two.event.right,Right,,translation required after approval
base.map_node.act_two.intro,Intro,,translation required after approval
base.map_node.act_two.normal.left,Left,,translation required after approval
base.map_node.act_two.normal.mid,Mid,,translation required after approval
base.map_node.act_two.normal.right,Right,,translation required after approval
base.map_node.act_two.shop,Shop,商店,context review required
base.map_node.act_two.workshop,Workshop,工坊,context review required
base.map_node.boss,Boss,首领,context review required
base.map_node.elite,Elite,精英,context review required
base.map_node.event.left,Left,,translation required after approval
base.map_node.event.right,Right,,translation required after approval
base.map_node.intro,Intro,,translation required after approval
base.map_node.normal.left,Left,,translation required after approval
base.map_node.normal.mid,Mid,,translation required after approval
base.map_node.normal.right,Right,,translation required after approval
base.map_node.shop,Shop,商店,context review required
base.map_node.workshop,Workshop,工坊,context review required
base.modifier.clean_surface,Clean surface,,translation required after approval
base.modifier.flexible_identity,Flexible Identity,,translation required after approval
base.modifier.recycling,Recycling,,translation required after approval
base.modifier.reserve_bound,Reserve bound,,translation required after approval
base.modifier.settlement_focus,Settlement focus,,translation required after approval
base.passive.reserve,Reserve,备牌,context review required
base.passive.sequence,Sequence,顺子,context review required
base.relic.calm_pressure,Calm pressure,,translation required after approval
base.relic.clean_table,Clean table,,translation required after approval
base.relic.complete_hand_insurance,Complete hand insurance,,translation required after approval
base.relic.contamination_filter,Contamination filter,,translation required after approval
base.relic.elite_bounty,Elite bounty,,translation required after approval
base.relic.fatigue_buffer,Fatigue buffer,,translation required after approval
base.relic.integrity_seal,Integrity seal,,translation required after approval
base.relic.open_hand,Open hand,,translation required after approval
base.relic.reserve_sleeve,Reserve sleeve,,translation required after approval
base.relic.reward_pivot,Reward pivot,,translation required after approval
base.relic.rule_memory,Rule memory,,translation required after approval
base.relic.sequence_lens,Sequence lens,,translation required after approval
base.relic.shop_ledger,Shop ledger,,translation required after approval
base.relic.skip_stipend,Skip stipend,,translation required after approval
base.relic.triplet_lens,Triplet lens,,translation required after approval
base.relic.wall_survey,Wall survey,,translation required after approval
base.relic.workshop_kit,Workshop kit,,translation required after approval
base.relic.yaku_notebook,Yaku notebook,,translation required after approval
base.reward_pool.boss_rule_breaker,Boss rule breaker,,translation required after approval
base.reward_pool.normal,Normal,标准,context review required
base.rule_breaker.draw_twice,Draw twice,,translation required after approval
base.rule_breaker.open_table,Open table,,translation required after approval
base.rule_breaker.reserve_witness,Reserve witness,,translation required after approval
base.shop.act_one,Act one,,translation required after approval
base.shop_pool.act_one,Act one,,translation required after approval
base.technique.clean_table,Clean table,,translation required after approval
base.technique.core.reserve_ledger,Reserve ledger,,translation required after approval
base.technique.core.sequence_line,Sequence line,,translation required after approval
base.technique.draw_surge,Draw surge,,translation required after approval
base.technique.pressure_break,Pressure break,,translation required after approval
base.technique.reaction_guard,Reaction guard,,translation required after approval
base.technique.reserve_exchange,Reserve exchange,,translation required after approval
base.technique.settlement_focus,Settlement focus,,translation required after approval
base.technique.stability_breath,Stability breath,,translation required after approval
base.technique.yaku_insight,Yaku insight,,translation required after approval
base.tile.bamboo.1,Bamboo 1,,translation required after approval
base.tile.bamboo.2,Bamboo 2,二条,context review required
base.tile.bamboo.3,Bamboo 3,三条,context review required
base.tile.bamboo.4,Bamboo 4,,translation required after approval
base.tile.bamboo.5,Bamboo 5,,translation required after approval
base.tile.bamboo.6,Bamboo 6,,translation required after approval
base.tile.bamboo.7,Bamboo 7,,translation required after approval
base.tile.bamboo.8,Bamboo 8,,translation required after approval
base.tile.bamboo.9,Bamboo 9,,translation required after approval
base.tile.characters.1,Characters 1,,translation required after approval
base.tile.characters.2,Characters 2,二万,context review required
base.tile.characters.3,Characters 3,,translation required after approval
base.tile.characters.4,Characters 4,,translation required after approval
base.tile.characters.5,Characters 5,,translation required after approval
base.tile.characters.6,Characters 6,,translation required after approval
base.tile.characters.7,Characters 7,,translation required after approval
base.tile.characters.8,Characters 8,,translation required after approval
base.tile.characters.9,Characters 9,,translation required after approval
base.tile.dots.1,Dots 1,,translation required after approval
base.tile.dots.2,Dots 2,,translation required after approval
base.tile.dots.3,Dots 3,,translation required after approval
base.tile.dots.4,Dots 4,,translation required after approval
base.tile.dots.5,Dots 5,,translation required after approval
base.tile.dots.6,Dots 6,,translation required after approval
base.tile.dots.7,Dots 7,,translation required after approval
base.tile.dots.8,Dots 8,,translation required after approval
base.tile.dots.9,Dots 9,,translation required after approval
base.tile.honors.east,East,东风,context review required
base.tile.honors.green,Green,,translation required after approval
base.tile.honors.north,North,北风,context review required
base.tile.honors.red,Red,,translation required after approval
base.tile.honors.south,South,南风,context review required
base.tile.honors.west,West,西风,context review required
base.tile.honors.white,White,白板,context review required
base.tile.man.5,Man 5,,translation required after approval
base.workshop.act_one,Act one,,translation required after approval
base.workshop_pool.act_one,Act one,,translation required after approval
base.yaku.bamboo_concentration,Bamboo concentration,,translation required after approval
base.yaku.pair_foundation,Pair foundation,,translation required after approval
prototype.yaku.honor_signal,Honor signal,,translation required after approval
prototype.yaku.mixed_table,Mixed table,,translation required after approval
prototype.yaku.quad_foundry,Quad foundry,,translation required after approval
prototype.yaku.quad_foundry.complete,Complete,,translation required after approval
prototype.yaku.sequence_path,Sequence path,,translation required after approval
prototype.yaku.seven_pairs,Seven pairs,,translation required after approval
prototype.yaku.standard_complete_hand,Standard complete hand,,translation required after approval
prototype.yaku.triplet_foundation,Triplet foundation,,translation required after approval
prototype.yaku.triplet_foundation.complete,Complete,,translation required after approval
prototype.yaku.unified_suit,Unified suit,,translation required after approval
prototype.yaku.unified_suit.complete,Complete,,translation required after approval
run.battle.hand.1,1,,translation required after approval
run.battle.hand.2,2,,translation required after approval
run.enter.event,Event,,translation required after approval
run.enter.shop,Shop,商店,context review required
run.enter.workshop,Workshop,工坊,context review required
run.summary.acknowledge,Acknowledge,,translation required after approval
